Mode,Constraints,Prep_Time,Solve_Time,Total_Time,Obj,Reduction
Mode A (Baseline),49455,17.54180097579956,7.521576642990112,25.063377618789673,89.0,0.0
Mode B (Geometric),20249,7.86498498916626,2.267023801803589,10.132008790969849,89.0,59.05570720857345
Mode C (Logical),274,17.682716608047485,0.04380345344543457,17.72652006149292,89.0,99.44596097462339
Mode D (Ours),178,7.495167255401611,0.07883381843566895,7.57400107383728,89.0,99.64007683752907
